{"cameraMode":{"drawMode":0,"name":"Shaded","section":"Shading Mode"},"sceneLighting":false,"audioPlay":false,"sceneViewState":{"showFog":true,"showMaterialUpdate":false,"showSkybox":true,"showFlares":true,"showImageEffects":true,"showParticleSystems":true},"in2DMode":false,"pivot":{"x":5.923985481262207,"y":0.8601264953613281,"z":1.4501266479492188},"rotation":{"x":-0.004222164861857891,"y":0.9883314967155457,"z":-0.14968587458133698,"w":-0.02787872962653637},"size":15.315521240234375,"orthographic":false}