{"cameraMode":{"drawMode":0,"name":"Shaded","section":"Shading Mode"},"sceneLighting":false,"audioPlay":false,"sceneViewState":{"showFog":true,"showMaterialUpdate":false,"showSkybox":true,"showFlares":true,"showImageEffects":true,"showParticleSystems":true},"in2DMode":false,"pivot":{"x":-0.6246864795684815,"y":1.750736951828003,"z":3.3150696754455568},"rotation":{"x":-0.06418879330158234,"y":-0.9333917498588562,"z":0.2124672681093216,"w":-0.2819880545139313},"size":26.749771118164064,"orthographic":false}