{"cameraMode":{"drawMode":0,"name":"Shaded","section":"Shading Mode"},"sceneLighting":false,"audioPlay":false,"sceneViewState":{"showFog":true,"showMaterialUpdate":false,"showSkybox":true,"showFlares":true,"showImageEffects":true,"showParticleSystems":true},"in2DMode":false,"pivot":{"x":-25.77703857421875,"y":7.710000038146973,"z":-16.245044708251954},"rotation":{"x":-0.053288720548152927,"y":-0.91191565990448,"z":0.12554952502250672,"w":-0.3870498239994049},"size":71.341552734375,"orthographic":false}