{"cameraMode":{"drawMode":0,"name":"Shaded","section":"Shading Mode"},"sceneLighting":false,"audioPlay":false,"sceneViewState":{"showFog":true,"showMaterialUpdate":false,"showSkybox":true,"showFlares":true,"showImageEffects":true,"showParticleSystems":true},"in2DMode":false,"pivot":{"x":-37.69644546508789,"y":8.111948013305664,"z":-7.482875823974609},"rotation":{"x":-0.053288720548152927,"y":-0.91191565990448,"z":0.12554952502250672,"w":-0.3870498239994049},"size":5.512991428375244,"orthographic":false}