{"cameraMode":{"drawMode":0,"name":"Shaded","section":"Shading Mode"},"sceneLighting":false,"audioPlay":false,"sceneViewState":{"showFog":true,"showMaterialUpdate":false,"showSkybox":true,"showFlares":true,"showImageEffects":true,"showParticleSystems":true},"in2DMode":false,"pivot":{"x":-14.318349838256836,"y":7.486301898956299,"z":9.330541610717774},"rotation":{"x":0.046690020710229877,"y":0.73118656873703,"z":0.0502985417842865,"w":-0.6787167191505432},"size":37.05772018432617,"orthographic":false}