{"cameraMode":{"drawMode":0,"name":"Shaded","section":"Shading Mode"},"sceneLighting":false,"audioPlay":false,"sceneViewState":{"showFog":true,"showMaterialUpdate":false,"showSkybox":true,"showFlares":true,"showImageEffects":true,"showParticleSystems":true},"in2DMode":false,"pivot":{"x":-26.49668312072754,"y":9.393707275390625,"z":-6.0464019775390629},"rotation":{"x":-0.0339948870241642,"y":-0.9640575051307678,"z":0.21489273011684419,"w":-0.15250764787197114},"size":7.299862384796143,"orthographic":false}