{"cameraMode":{"drawMode":0,"name":"Shaded","section":"Shading Mode"},"sceneLighting":false,"audioPlay":false,"sceneViewState":{"showFog":true,"showMaterialUpdate":false,"showSkybox":true,"showFlares":true,"showImageEffects":true,"showParticleSystems":true},"in2DMode":false,"pivot":{"x":-67.7222671508789,"y":6.8898773193359379,"z":-31.56723403930664},"rotation":{"x":-0.2739189565181732,"y":0.6306675672531128,"z":-0.2539561688899994,"w":-0.6802449822425842},"size":41.35000991821289,"orthographic":false}