{"cameraMode":{"drawMode":0,"name":"Shaded","section":"Shading Mode"},"sceneLighting":false,"audioPlay":false,"sceneViewState":{"showFog":true,"showMaterialUpdate":false,"showSkybox":true,"showFlares":true,"showImageEffects":true,"showParticleSystems":true},"in2DMode":false,"pivot":{"x":-40.661354064941409,"y":12.329535484313965,"z":-17.03778839111328},"rotation":{"x":-0.002164205303415656,"y":-0.9977306723594666,"z":0.054248157888650897,"w":-0.03982505202293396},"size":39.121219635009769,"orthographic":false}