{"cameraMode":{"drawMode":0,"name":"Shaded","section":"Shading Mode"},"sceneLighting":false,"audioPlay":false,"sceneViewState":{"showFog":true,"showMaterialUpdate":false,"showSkybox":true,"showFlares":true,"showImageEffects":true,"showParticleSystems":true},"in2DMode":false,"pivot":{"x":-39.23646926879883,"y":-6.552906036376953,"z":-8.028648376464844},"rotation":{"x":0.16247473657131196,"y":-0.682492733001709,"z":0.15967045724391938,"w":0.694486141204834},"size":57.93080139160156,"orthographic":false}