{"cameraMode":{"drawMode":0,"name":"Shaded","section":"Shading Mode"},"sceneLighting":false,"audioPlay":false,"sceneViewState":{"showFog":true,"showMaterialUpdate":false,"showSkybox":true,"showFlares":true,"showImageEffects":true,"showParticleSystems":true},"in2DMode":false,"pivot":{"x":3.4806981086730959,"y":3.833981513977051,"z":4.774653434753418},"rotation":{"x":0.0019674370996654035,"y":0.9887297749519348,"z":0.013042219914495945,"w":-0.14912942051887513},"size":9.371499061584473,"orthographic":false}