{"cameraMode":{"drawMode":0,"name":"Shaded","section":"Shading Mode"},"sceneLighting":false,"audioPlay":false,"sceneViewState":{"showFog":true,"showMaterialUpdate":false,"showSkybox":true,"showFlares":true,"showImageEffects":true,"showParticleSystems":true},"in2DMode":false,"pivot":{"x":-3.2859954833984377,"y":-2.6918091773986818,"z":2.758765459060669},"rotation":{"x":-0.16382163763046266,"y":0.7150086760520935,"z":-0.17862410843372346,"w":-0.6557579636573792},"size":20.068288803100587,"orthographic":false}