{"cameraMode":{"drawMode":0,"name":"Shaded","section":"Shading Mode"},"sceneLighting":false,"audioPlay":false,"sceneViewState":{"showFog":true,"showMaterialUpdate":false,"showSkybox":true,"showFlares":true,"showImageEffects":true,"showParticleSystems":true},"in2DMode":false,"pivot":{"x":2.77724027633667,"y":2.8691911697387697,"z":-0.953951358795166},"rotation":{"x":-0.08693423867225647,"y":0.9097148776054382,"z":-0.24328015744686128,"w":-0.32507866621017458},"size":34.44400405883789,"orthographic":false}