{"cameraMode":{"drawMode":0,"name":"Shaded","section":"Shading Mode"},"sceneLighting":false,"audioPlay":false,"sceneViewState":{"showFog":true,"showMaterialUpdate":false,"showSkybox":true,"showFlares":true,"showImageEffects":true,"showParticleSystems":true},"in2DMode":false,"pivot":{"x":0.1586211919784546,"y":0.3090968132019043,"z":-0.2589285373687744},"rotation":{"x":-0.06546635925769806,"y":0.9345206618309021,"z":-0.24991364777088166,"w":-0.2448030561208725},"size":5.420856475830078,"orthographic":false}