{"cameraMode":{"drawMode":0,"name":"Shaded","section":"Shading Mode"},"sceneLighting":false,"audioPlay":false,"sceneViewState":{"showFog":true,"showMaterialUpdate":false,"showSkybox":true,"showFlares":true,"showImageEffects":true,"showParticleSystems":true},"in2DMode":false,"pivot":{"x":0.10321235656738281,"y":0.2885704040527344,"z":-1.2322978973388672},"rotation":{"x":-0.1502508819103241,"y":0.7777107954025269,"z":-0.20298707485198975,"w":-0.5756621956825256},"size":9.283672332763672,"orthographic":false}